[
    {
        "name": "NE200 2S0004 GB",
        "price": 499.99,
        "description": "NE200 2S0004 GB - Compact AC Drive with a power rating of 2S0004 GB.",
        "ratings": 4.5,
        "images": [
            "/images/products/NE200_2S0004_GB.webp"
        ],
        "category": "AC DRIVE (NE)",
        "seller": "Alpha Automation and Controls",
        "stock": 15,
        "contact": "9585520113",
        "numOfReviews": 12,
        "createdAt": "2024-09-12T10:00:00Z"
    },
    {
        "name": "NE200 2S0007GB",
        "price": 549.99,
        "description": "NE200 2S0007GB - Versatile AC Drive suited for moderate load applications.",
        "ratings": 4.4,
        "images": [
            "/images/products/NE200_2S0007GB.webp"
        ],
        "category": "AC DRIVE (NE)",
        "seller": "Alpha Automation and Controls",
        "stock": 20,
        "contact": "9585520113",
        "numOfReviews": 8,
        "createdAt": "2024-09-12T10:05:00Z"
    },
    {
        "name": "NE200 2S0015GB",
        "price": 599.99,
        "description": "NE200 2S0015GB - Robust AC Drive designed for higher power needs.",
        "ratings": 4.6,
        "images": [
            "/images/products/NE200_2S0015GB.webp"
        ],
        "category": "AC DRIVE (NE)",
        "seller": "Alpha Automation and Controls",
        "stock": 18,
        "contact": "9585520113",
        "numOfReviews": 15,
        "createdAt": "2024-09-12T10:10:00Z"
    },
    {
        "name": "NE200 2S0022GB",
        "price": 649.99,
        "description": "NE200 2S0022GB - High-performance AC Drive for significant power handling.",
        "ratings": 4.7,
        "images": [
            "/images/products/NE200_2S0022GB.webp"
        ],
        "category": "AC DRIVE (NE)",
        "seller": "Alpha Automation and Controls",
        "stock": 10,
        "contact": "9585520113",
        "numOfReviews": 10,
        "createdAt": "2024-09-12T10:15:00Z"
    },
    {
        "name": "NE200 4T0022GB - M",
        "price": 699.99,
        "description": "NE200 4T0022GB - M - Enhanced AC Drive with advanced control functions.",
        "ratings": 4.8,
        "images": [
            "/images/products/NE200_4T0022GB_M.webp"
        ],
        "category": "AC DRIVE (NE)",
        "seller": "Alpha Automation and Controls",
        "stock": 12,
        "contact": "9585520113",
        "numOfReviews": 7,
        "createdAt": "2024-09-12T10:20:00Z"
    },
    {
        "name": "NE200 4T0007G/0015PB",
        "price": 749.99,
        "description": "NE200 4T0007G/0015PB - Flexible AC Drive for various industrial applications.",
        "ratings": 4.5,
        "images": [
            "/images/products/NE200_4T0007G_0015PB.webp"
        ],
        "category": "AC DRIVE (NE)",
        "seller": "Alpha Automation and Controls",
        "stock": 22,
        "contact": "9585520113",
        "numOfReviews": 9,
        "createdAt": "2024-09-12T10:25:00Z"
    },
    {
        "name": "NE200 4T0015G/0022PB",
        "price": 799.99,
        "description": "NE200 4T0015G/0022PB - Reliable AC Drive designed for demanding environments.",
        "ratings": 4.6,
        "images": [
            "/images/products/NE200_4T0015G_0022PB.webp"
        ],
        "category": "AC DRIVE (NE)",
        "seller": "Alpha Automation and Controls",
        "stock": 17,
        "contact": "9585520113",
        "numOfReviews": 11,
        "createdAt": "2024-09-12T10:30:00Z"
    },
    {
        "name": "NE200 4T0022G/0040PB",
        "price": 849.99,
        "description": "NE200 4T0022G/0040PB - Powerful AC Drive for higher power capacity applications.",
        "ratings": 4.7,
        "images": [
            "/images/products/NE200_4T0022G_0040PB.webp"
        ],
        "category": "AC DRIVE (NE)",
        "seller": "Alpha Automation and Controls",
        "stock": 14,
        "contact": "9585520113",
        "numOfReviews": 13,
        "createdAt": "2024-09-12T10:35:00Z"
    },
    {
        "name": "NE200 4T0040G/0055PB",
        "price": 899.99,
        "description": "NE200 4T0040G/0055PB - Advanced AC Drive supporting high power applications.",
        "ratings": 4.8,
        "images": [
            "/images/products/NE200_4T0040G_0055PB.webp"
        ],
        "category": "AC DRIVE (NE)",
        "seller": "Alpha Automation and Controls",
        "stock": 8,
        "contact": "9585520113",
        "numOfReviews": 6,
        "createdAt": "2024-09-12T10:40:00Z"
    },
    {
        "name": "NE300-4T0015G/0022PB",
        "price": 949.99,
        "description": "NE300-4T0015G/0022PB - Premium AC Drive from the NE300 series with superior control.",
        "ratings": 4.9,
        "images": [
            "/images/products/NE300_4T0015G_0022PB.webp"
        ],
        "category": "AC DRIVE (NE)",
        "seller": "Alpha Automation and Controls",
        "stock": 9,
        "contact": "9585520113",
        "numOfReviews": 14,
        "createdAt": "2024-09-12T10:45:00Z"
    },
    {
        "name": "NE300 4T0022G/0040PB",
        "price": 999.99,
        "description": "NE300 4T0022G/0040PB - High-capacity AC Drive for extensive operations.",
        "ratings": 4.7,
        "images": [
            "/images/products/NE300_4T0022G_0040PB.webp"
        ],
        "category": "AC DRIVE (NE)",
        "seller": "Alpha Automation and Controls",
        "stock": 11,
        "contact": "9585520113",
        "numOfReviews": 12,
        "createdAt": "2024-09-12T10:50:00Z"
    },
    {
        "name": "NE300 4T0040G/0055PB",
        "price": 1049.99,
        "description": "NE300 4T0040G/0055PB - Reliable and powerful AC Drive for high-load applications.",
        "ratings": 4.8,
        "images": [
            "/images/products/NE300_4T0040G_0055PB.webp"
        ],
        "category": "AC DRIVE (NE)",
        "seller": "Alpha Automation and Controls",
        "stock": 13,
        "contact": "9585520113",
        "numOfReviews": 10,
        "createdAt": "2024-09-12T10:55:00Z"
    },
    {
        "name": "NE300 4T0055G/0075PB",
        "price": 1099.99,
        "description": "NE300 4T0055G/0075PB - Efficient AC Drive supporting high power and precision.",
        "ratings": 4.6,
        "images": [
            "/images/products/NE300_4T0055G_0075PB.webp"
        ],
        "category": "AC DRIVE (NE)",
        "seller": "Alpha Automation and Controls",
        "stock": 16,
        "contact": "9585520113",
        "numOfReviews": 8,
        "createdAt": "2024-09-12T11:00:00Z"
    },
    {
        "name": "NE300 4T0075G/0110PB",
        "price": 1149.99,
        "description": "NE300 4T0075G/0110PB - High-performance AC Drive suitable for demanding industrial environments.",
        "ratings": 4.9,
        "images": [
            "/images/products/NE300_4T0075G_0110PB.webp"
        ],
        "category": "AC DRIVE (NE)",
        "seller": "Alpha Automation and Controls",
        "stock": 7,
        "contact": "9585520113",
        "numOfReviews": 9,
        "createdAt": "2024-09-12T11:05:00Z"
    },
    {
        "name": "NE300 4T0110G/0150PB",
        "price": 1199.99,
        "description": "NE300 4T0110G/0150PB - Versatile AC Drive for extensive operations needing efficient control.",
        "ratings": 4.7,
        "images": [
            "/images/products/NE300_4T0110G_0150PB.webp"
        ],
        "category": "AC DRIVE (NE)",
        "seller": "Alpha Automation and Controls",
        "stock": 12,
        "contact": "9585520113",
        "numOfReviews": 10,
        "createdAt": "2024-09-12T11:10:00Z"
    },
    {
        "name": "NE300 4T0150G/0185PB",
        "price": 1249.99,
        "description": "NE300 4T0150G/0185PB - High-performance AC Drive providing superior efficiency and control.",
        "ratings": 4.8,
        "images": [
            "/images/products/NE300_4T0150G_0185PB.webp"
        ],
        "category": "AC DRIVE (NE)",
        "seller": "Alpha Automation and Controls",
        "stock": 8,
        "contact": "9585520113",
        "numOfReviews": 11,
        "createdAt": "2024-09-12T11:15:00Z"
    },
    {
        "name": "NE300 4T0185G/0220PB",
        "price": 1299.99,
        "description": "NE300 4T0185G/0220PB - Advanced AC Drive designed for high-demand applications.",
        "ratings": 4.7,
        "images": [
            "/images/products/NE300_4T0185G_0220PB.webp"
        ],
        "category": "AC DRIVE (NE)",
        "seller": "Alpha Automation and Controls",
        "stock": 9,
        "contact": "9585520113",
        "numOfReviews": 13,
        "createdAt": "2024-09-12T11:20:00Z"
    },
    {
        "name": "NE300 4T0220G/0300PB",
        "price": 1349.99,
        "description": "NE300 4T0220G/0300PB - High-capacity AC Drive with excellent performance for extensive operations.",
        "ratings": 4.8,
        "images": [
            "/images/products/NE300_4T0220G_0300PB.webp"
        ],
        "category": "AC DRIVE (NE)",
        "seller": "Alpha Automation and Controls",
        "stock": 11,
        "contact": "9585520113",
        "numOfReviews": 10,
        "createdAt": "2024-09-12T11:25:00Z"
    },
    {
        "name": "NE300 4T0300G/0370P",
        "price": 1399.99,
        "description": "NE300 4T0300G/0370P - Powerful AC Drive supporting high load and precision applications.",
        "ratings": 4.6,
        "images": [
            "/images/products/NE300_4T0300G_0370P.webp"
        ],
        "category": "AC DRIVE (NE)",
        "seller": "Alpha Automation and Controls",
        "stock": 10,
        "contact": "9585520113",
        "numOfReviews": 9,
        "createdAt": "2024-09-12T11:30:00Z"
    },
    {
        "name": "NE300 4T0370G/0450P",
        "price": 1449.99,
        "description": "NE300 4T0370G/0450P - Efficient AC Drive for high-power needs with advanced control features.",
        "ratings": 4.7,
        "images": [
            "/images/products/NE300_4T0370G_0450P.webp"
        ],
        "category": "AC DRIVE (NE)",
        "seller": "Alpha Automation and Controls",
        "stock": 12,
        "contact": "9585520113",
        "numOfReviews": 8,
        "createdAt": "2024-09-12T11:35:00Z"
    },
    {
        "name": "NE300 4T0450G/550P",
        "price": 1499.99,
        "description": "NE300 4T0450G/550P - High-performance AC Drive designed for demanding applications.",
        "ratings": 4.8,
        "images": [
            "/images/products/NE300_4T0450G_550P.webp"
        ],
        "category": "AC DRIVE (NE)",
        "seller": "Alpha Automation and Controls",
        "stock": 14,
        "contact": "9585520113",
        "numOfReviews": 11,
        "createdAt": "2024-09-12T11:40:00Z"
    },
    {
        "name": "NE300 4T0550G/0750P",
        "price": 1549.99,
        "description": "NE300 4T0550G/0750P - Reliable AC Drive offering excellent control for high-load environments.",
        "ratings": 4.7,
        "images": [
            "/images/products/NE300_4T0550G_0750P.webp"
        ],
        "category": "AC DRIVE (NE)",
        "seller": "Alpha Automation and Controls",
        "stock": 9,
        "contact": "9585520113",
        "numOfReviews": 12,
        "createdAt": "2024-09-12T11:45:00Z"
    },
    {
        "name": "NE300 4T0750G/0900P",
        "price": 1599.99,
        "description": "NE300 4T0750G/0900P - High-capacity AC Drive suitable for extensive and demanding applications.",
        "ratings": 4.8,
        "images": [
            "/images/products/NE300_4T0750G_0900P.webp"
        ],
        "category": "AC DRIVE (NE)",
        "seller": "Alpha Automation and Controls",
        "stock": 10,
        "contact": "9585520113",
        "numOfReviews": 14,
        "createdAt": "2024-09-12T11:50:00Z"
    },
    {
        "name": "NE300 4T0900G/1100P",
        "price": 1649.99,
        "description": "NE300 4T0900G/1100P - Advanced AC Drive offering reliable performance for high-load requirements.",
        "ratings": 4.9,
        "images": [
            "/images/products/NE300_4T0900G_1100P.webp"
        ],
        "category": "AC DRIVE (NE)",
        "seller": "Alpha Automation and Controls",
        "stock": 8,
        "contact": "9585520113",
        "numOfReviews": 9,
        "createdAt": "2024-09-12T11:55:00Z"
    },
    {
        "name": "NE300 4T1100G/1320P",
        "price": 1699.99,
        "description": "NE300 4T1100G/1320P - High-performance AC Drive for extensive and demanding industrial operations.",
        "ratings": 4.8,
        "images": [
            "/images/products/NE300_4T1100G_1320P.webp"
        ],
        "category": "AC DRIVE (NE)",
        "seller": "Alpha Automation and Controls",
        "stock": 11,
        "contact": "9585520113",
        "numOfReviews": 10,
        "createdAt": "2024-09-12T12:00:00Z"
    },
    {
        "name": "NE300 4T1320G/1600P",
        "price": 1749.99,
        "description": "NE300 4T1320G/1600P - Powerful AC Drive designed for high-capacity applications requiring precise control.",
        "ratings": 4.7,
        "images": [
            "/images/products/NE300_4T1320G_1600P.webp"
        ],
        "category": "AC DRIVE (NE)",
        "seller": "Alpha Automation and Controls",
        "stock": 12,
        "contact": "9585520113",
        "numOfReviews": 8,
        "createdAt": "2024-09-12T12:05:00Z"
    },
    {
        "name": "NE300 4T1600G/2200P",
        "price": 1799.99,
        "description": "NE300 4T1600G/2200P - High-capacity AC Drive for significant power needs and demanding operations.",
        "ratings": 4.9,
        "images": [
            "/images/products/NE300_4T1600G_2200P.webp"
        ],
        "category": "AC DRIVE (NE)",
        "seller": "Alpha Automation and Controls",
        "stock": 7,
        "contact": "9585520113",
        "numOfReviews": 14,
        "createdAt": "2024-09-12T12:10:00Z"
    },
    {
        "name": "NE300 4T2200G/2500P",
        "price": 1849.99,
        "description": "NE300 4T2200G/2500P - Advanced AC Drive with high-power capabilities for large-scale applications.",
        "ratings": 4.8,
        "images": [
            "/images/products/NE300_4T2200G_2500P.webp"
        ],
        "category": "AC DRIVE (NE)",
        "seller": "Alpha Automation and Controls",
        "stock": 9,
        "contact": "9585520113",
        "numOfReviews": 11,
        "createdAt": "2024-09-12T12:15:00Z"
    },
    {
        "name": "NE300 4T2500G/2800P",
        "price": 1899.99,
        "description": "NE300 4T2500G/2800P - High-performance AC Drive ideal for very demanding industrial operations.",
        "ratings": 4.7,
        "images": [
            "/images/products/NE300_4T2500G_2800P.webp"
        ],
        "category": "AC DRIVE (NE)",
        "seller": "Alpha Automation and Controls",
        "stock": 8,
        "contact": "9585520113",
        "numOfReviews": 9,
        "createdAt": "2024-09-12T12:20:00Z"
    },
    {
        "name": "NE300 4T2800G/3150P",
        "price": 1949.99,
        "description": "NE300 4T2800G/3150P - Superior AC Drive with extensive capabilities for very high-power applications.",
        "ratings": 4.9,
        "images": [
            "/images/products/NE300_4T2800G_3150P.webp"
        ],
        "category": "AC DRIVE (NE)",
        "seller": "Alpha Automation and Controls",
        "stock": 5,
        "contact": "9585520113",
        "numOfReviews": 12,
        "createdAt": "2024-09-12T12:25:00Z"
    },
    {
        "name": "S100-01523-0A0000-1PH",
        "price": 299.99,
        "description": "S100-01523-0A0000-1PH - High-efficiency single-phase drive with advanced control features.",
        "ratings": 4.5,
        "images": [
            "/images/products/S100-01523-0A0000-1PH.webp"
        ],
        "category": "S100 DRIVE",
        "seller": "Alpha Automation and Controls",
        "stock": 20,
        "contact": "9585520113",
        "numOfReviews": 15,
        "createdAt": "2024-09-12T13:00:00Z"
    },
    {
        "name": "S100-01533-0A0000-1PH",
        "price": 319.99,
        "description": "S100-01533-0A0000-1PH - Robust single-phase drive with high performance and reliability.",
        "ratings": 4.4,
        "images": [
            "/images/products/S100-01533-0A0000-1PH.webp"
        ],
        "category": "S100 DRIVE",
        "seller": "Alpha Automation and Controls",
        "stock": 18,
        "contact": "9585520113",
        "numOfReviews": 12,
        "createdAt": "2024-09-12T13:05:00Z"
    },
    {
        "name": "S100-01543-0A0000-1PH",
        "price": 329.99,
        "description": "S100-01543-0A0000-1PH - Advanced single-phase drive for precise control and efficiency.",
        "ratings": 4.6,
        "images": [
            "/images/products/S100-01543-0A0000-1PH.webp"
        ],
        "category": "S100 DRIVE",
        "seller": "Alpha Automation and Controls",
        "stock": 22,
        "contact": "9585520113",
        "numOfReviews": 10,
        "createdAt": "2024-09-12T13:10:00Z"
    },
    {
        "name": "S100-01553-0A0000-1PH",
        "price": 339.99,
        "description": "S100-01553-0A0000-1PH - High-performance single-phase drive with enhanced features.",
        "ratings": 4.7,
        "images": [
            "/images/products/S100-01553-0A0000-1PH.webp"
        ],
        "category": "S100 DRIVE",
        "seller": "Alpha Automation and Controls",
        "stock": 15,
        "contact": "9585520113",
        "numOfReviews": 11,
        "createdAt": "2024-09-12T13:15:00Z"
    },
    {
        "name": "$100-02433-0A0000-3PH",
        "price": 399.99,
        "description": "$100-02433-0A0000-3PH - Versatile three-phase drive for various industrial applications.",
        "ratings": 4.5,
        "images": [
            "/images/products/100-02433-0A0000-3PH.webp"
        ],
        "category": "S100 DRIVE",
        "seller": "Alpha Automation and Controls",
        "stock": 17,
        "contact": "9585520113",
        "numOfReviews": 8,
        "createdAt": "2024-09-12T13:20:00Z"
    },
    {
        "name": "S100-01D73-0A0000-1/3PH",
        "price": 419.99,
        "description": "S100-01D73-0A0000-1/3PH - Flexible drive supporting both single and three-phase operations.",
        "ratings": 4.6,
        "images": [
            "/images/products/S100-01D73-0A0000-1-3PH.webp"
        ],
        "category": "S100 DRIVE",
        "seller": "Alpha Automation and Controls",
        "stock": 12,
        "contact": "9585520113",
        "numOfReviews": 10,
        "createdAt": "2024-09-12T13:25:00Z"
    },
    {
        "name": "$100-02453-0A0000-3PH",
        "price": 429.99,
        "description": "$100-02453-0A0000-3PH - High-efficiency three-phase drive with enhanced control features.",
        "ratings": 4.7,
        "images": [
            "/images/products/100-02453-0A0000-3PH.webp"
        ],
        "category": "S100 DRIVE",
        "seller": "Alpha Automation and Controls",
        "stock": 14,
        "contact": "9585520113",
        "numOfReviews": 9,
        "createdAt": "2024-09-12T13:30:00Z"
    },
    {
        "name": "S100-03D13-0A0000-1/3PH",
        "price": 439.99,
        "description": "S100-03D13-0A0000-1/3PH - Advanced drive with support for both single and three-phase configurations.",
        "ratings": 4.8,
        "images": [
            "/images/products/S100-03D13-0A0000-1-3PH.webp"
        ],
        "category": "S100 DRIVE",
        "seller": "Alpha Automation and Controls",
        "stock": 16,
        "contact": "9585520113",
        "numOfReviews": 11,
        "createdAt": "2024-09-12T13:35:00Z"
    },
    {
        "name": "$100-02463-0A0000-3PH",
        "price": 449.99,
        "description": "$100-02463-0A0000-3PH - Versatile three-phase drive offering superior performance and control.",
        "ratings": 4.6,
        "images": [
            "/images/products/100-02463-0A0000-3PH.webp"
        ],
        "category": "S100 DRIVE",
        "seller": "Alpha Automation and Controls",
        "stock": 13,
        "contact": "9585520113",
        "numOfReviews": 10,
        "createdAt": "2024-09-12T13:40:00Z"
    },
    {
        "name": "S100-03413-0A0000-3PH",
        "price": 459.99,
        "description": "S100-03413-0A0000-3PH - High-capacity three-phase drive designed for demanding applications.",
        "ratings": 4.7,
        "images": [
            "/images/products/S100-03413-0A0000-3PH.webp"
        ],
        "category": "S100 DRIVE",
        "seller": "Alpha Automation and Controls",
        "stock": 10,
        "contact": "9585520113",
        "numOfReviews": 9,
        "createdAt": "2024-09-12T13:45:00Z"
    },
    {
        "name": "S100-03423-0A0000-3PH",
        "price": 469.99,
        "description": "S100-03423-0A0000-3PH - Efficient three-phase drive for high-load and precision applications.",
        "ratings": 4.8,
        "images": [
            "/images/products/S100-03423-0A0000-3PH.webp"
        ],
        "category": "S100 DRIVE",
        "seller": "Alpha Automation and Controls",
        "stock": 8,
        "contact": "9585520113",
        "numOfReviews": 12,
        "createdAt": "2024-09-12T13:50:00Z"
    },
    {
        "name": "AC SERVO DRIVES",
        "price": "245.67",
        "description": "High-performance AC servo drives for precise control in automation systems. Ideal for enhancing motor performance and reducing downtime.",
        "ratings": 4.5,
        "images": [
            {
                "image": "/images/products/one.png"
            },
            {
                "image": "/images/products/one.png"
            }
        ],
        "category": "AUTOMATION",
        "seller": "Alpha Automation and Controls",
        "stock": "5",
        "contact": 9585520113,
        "numOfReviews": "120",
        "createdAt": "2024-08-15T12:00:00Z"
    },
    {
        "name": "SERVO MOTOR",
        "price": "899.99",
        "description": "High-torque servo motor designed for industrial applications. Ensures precise movement control and reliable performance under varying loads.",
        "ratings": 4.8,
        "images": [
            {
                "image": "/images/products/two.jpg"
            },
            {
                "image": "/images/products/two.jpg"
            }
        ],
        "category": "MOTORS",
        "seller": "Alpha Automation and Controls",
        "stock": "10",
        "contact": 9585520113,
        "numOfReviews": "210",
        "createdAt": "2024-08-18T09:30:00Z"
    },
    {
        "name": "SOFT STARTER",
        "price": "349.99",
        "description": "Soft starter for AC motors to reduce the inrush current. Prevents mechanical shocks, enhancing motor lifespan and efficiency.",
        "ratings": 3.7,
        "images": [
            {
                "image": "/images/products/three.png"
            },
            {
                "image": "/images/products/three.png"
            }
        ],
        "category": "DRIVE",
        "seller": "Alpha Automation and Controls",
        "stock": "8",
        "contact": 9585520113,
        "numOfReviews": "90",
        "createdAt": "2024-08-20T14:45:00Z"
    },
    {
        "name": "ETHERCART REMOTE I/O CONTROL",
        "price": "1249.99",
        "description": "Advanced remote I/O controller for Ethernet-based systems. Facilitates efficient industrial automation with robust performance and reliability.",
        "ratings": 2.6,
        "images": [
            {
                "image": "/images/products/four.png"
            },
            {
                "image": "/images/products/four.png"
            }
        ],
        "category": "REMOTE I/O SYSTEMS",
        "seller": "Alpha Automation and Controls",
        "stock": "15",
        "contact": 9585520113,
        "numOfReviews": "155",
        "createdAt": "2024-08-22T11:20:00Z"
    },
    {
        "name": "DC DRIVES",
        "price": "1399.99",
        "description": "Reliable DC drives for controlling speed and torque of motors. Suitable for various applications demanding consistent performance and control.",
        "ratings": 1.4,
        "images": [
            {
                "image": "/images/products/five.png"
            },
            {
                "image": "/images/products/five.png"
            }
        ],
        "category": "DRIVE",
        "seller": "Alpha Automation and Controls",
        "stock": "7",
        "contact": 9585520113,
        "numOfReviews": "130",
        "createdAt": "2024-08-24T16:00:00Z"
    },
    {
        "name": "AC VF DRIVES",
        "price": "2445.89",
        "description": "Versatile AC VF drives for variable frequency control. Enhances motor efficiency and energy savings in industrial applications.",
        "ratings": 4.5,
        "images": [
            {
                "image": "/images/products/six.png"
            },
            {
                "image": "/images/products/six.png"
            }
        ],
        "category": "DRIVE",
        "seller": "Alpha Automation and Controls",
        "stock": "5",
        "contact": 9585520113,
        "numOfReviews": "120",
        "createdAt": "2024-08-15T12:00:00Z"
    },
    {
        "name": "PLC PANEL WITH SCADA",
        "price": "6775.21",
        "description": "PLC panel with SCADA integration for comprehensive process control. Offers enhanced monitoring and automation capabilities for complex systems.",
        "ratings": 3.5,
        "images": [
            {
                "image": "/images/products/seven.jpg"
            },
            {
                "image": "/images/products/seven.jpg"
            }
        ],
        "category": "PLC PANEL",
        "seller": "Alpha Automation and Controls",
        "stock": "5",
        "contact": 9585520113,
        "numOfReviews": "120",
        "createdAt": "2024-08-15T12:00:00Z"
    },
    {
        "name": "VFD PANEL",
        "price": "705.43",
        "description": "VFD panel for efficient motor speed control and energy management. Ideal for applications requiring variable speed and torque adjustments.",
        "ratings": 3.5,
        "images": [
            {
                "image": "/images/products/eight.jpg"
            },
            {
                "image": "/images/products/eight.jpg"
            }
        ],
        "category": "DRIVE",
        "seller": "Alpha Automation and Controls",
        "stock": "5",
        "contact": 9585520113,
        "numOfReviews": "120",
        "createdAt": "2024-08-15T12:00:00Z"
    },
    {
        "name": "NE200 NE300",
        "price": "245.67",
        "description": "Reliable and efficient NE200 NE300 drives for various industrial applications. Offers precise control and robust performance.",
        "ratings": 4.5,
        "images": [
            {
                "image": "/images/products/nine.jpg"
            }
        ],
        "category": "DRIVE",
        "seller": "Alpha Automation and Controls",
        "stock": "5",
        "contact": 9585520113,
        "numOfReviews": "120",
        "createdAt": "2024-08-15T12:00:00Z"
    },
    {
        "name": "Commander S",
        "price": "899.99",
        "description": "Compact and easy-to-use Commander S drives for basic applications. Provides cost-effective motor control solutions.",
        "ratings": 4.8,
        "images": [
            {
                "image": "/images/products/ten.webp"
            }
        ],
        "category": "DRIVE",
        "seller": "Alpha Automation and Controls",
        "stock": "10",
        "contact": 9585520113,
        "numOfReviews": "210",
        "createdAt": "2024-08-18T09:30:00Z"
    },
    {
        "name": "Unidrive M700",
        "price": "349.99",
        "description": "Advanced Unidrive M700 for high-performance motor control. Ideal for complex automation tasks and variable speed applications.",
        "ratings": 3.7,
        "images": [
            {
                "image": "/images/products/eleven.webp"
            }
        ],
        "category": "AUTOMATION",
        "seller": "Alpha Automation and Controls",
        "stock": "8",
        "contact": 9585520113,
        "numOfReviews": "90",
        "createdAt": "2024-08-20T14:45:00Z"
    },
    {
        "name": "Unidrive M400C",
        "price": "1249.99",
        "description": "Unidrive M400C for precise control in demanding applications. Ensures reliability and efficiency in industrial environments.",
        "ratings": 2.6,
        "images": [
            {
                "image": "/images/products/twelve.jpg"
            }
        ],
        "category": "AUTOMATION",
        "seller": "Alpha Automation and Controls",
        "stock": "15",
        "contact": 9585520113,
        "numOfReviews": "155",
        "createdAt": "2024-08-22T11:20:00Z"
    },
    {
        "name": "DC Drive",
        "price": "1399.99",
        "description": "Robust DC drive for efficient motor control in various applications. Provides stable performance and easy integration.",
        "ratings": 1.4,
        "images": [
            {
                "image": "/images/products/thirteen.jpg"
            }
        ],
        "category": "DRIVE",
        "seller": "Alpha Automation and Controls",
        "stock": "7",
        "contact": 9585520113,
        "numOfReviews": "130",
        "createdAt": "2024-08-24T16:00:00Z"
    },
    {
        "name": "Elevator E300",
        "price": "2445.89",
        "description": "Efficient Elevator E300 drive for smooth and safe elevator operation. Optimized for energy savings and reliability.",
        "ratings": 4.5,
        "images": [
            {
                "image": "/images/products/fourteen.jpg"
            }
        ],
        "category": "AUTOMATION",
        "seller": "Alpha Automation and Controls",
        "stock": "5",
        "contact": 9585520113,
        "numOfReviews": "120",
        "createdAt": "2024-08-15T12:00:00Z"
    },
    {
        "name": "Pump Drive F600",
        "price": "6775.21",
        "description": "Specialized Pump Drive F600 for optimized control of pumping systems. Increases energy efficiency and reduces operating costs.",
        "ratings": 3.8,
        "images": [
            {
                "image": "/images/products/fifteen.png"
            }
        ],
        "category": "AUTOMATION",
        "seller": "Alpha Automation and Controls",
        "stock": "5",
        "contact": 9585520113,
        "numOfReviews": "120",
        "createdAt": "2024-08-15T12:00:00Z"
    },
    {
        "name": "Digitax HD",
        "price": "705.43",
        "description": "High dynamic performance with Digitax HD drive for servo motor control. Ideal for precision applications requiring rapid response.",
        "ratings": 4.1,
        "images": [
            {
                "image": "/images/products/sixteen.webp"
            }
        ],
        "category": "DRIVE",
        "seller": "Alpha Automation and Controls",
        "stock": "5",
        "contact": 9585520113,
        "numOfReviews": "120",
        "createdAt": "2024-08-15T12:00:00Z"
    },
    {
        "name": "Unimotor HD",
        "price": "705.43",
        "description": "High dynamic Unimotor HD for servo applications requiring speed and precision. Designed for demanding industrial environments.",
        "ratings": 5,
        "images": [
            {
                "image": "/images/products/seventeen.webp"
            }
        ],
        "category": "MOTORS",
        "seller": "Alpha Automation and Controls",
        "stock": "5",
        "contact": 9585520113,
        "numOfReviews": "120",
        "createdAt": "2024-08-15T12:00:00Z"
    },
    {
        "name": "Digitax Drive",
        "price": "705.43",
        "description": "Compact and versatile Digitax drive for high-speed applications. Ensures precise motor control and energy efficiency.",
        "ratings": 1.5,
        "images": [
            {
                "image": "/images/products/eighteen.jpg"
            }
        ],
        "category": "DRIVE",
        "seller": "Alpha Automation and Controls",
        "stock": "5",
        "contact": 9585520113,
        "numOfReviews": "120",
        "createdAt": "2024-08-15T12:00:00Z"
    },
    {
        "name": "Customized Control Panels",
        "price": "705.43",
        "description": "Tailor-made control panels designed to meet specific industrial requirements. Ensures reliable performance and easy integration.",
        "ratings": 5,
        "images": [
            {
                "image": "/images/products/nineteen.jpg"
            }
        ],
        "category": "AUTOMATION",
        "seller": "Alpha Automation and Controls",
        "stock": "5",
        "contact": 9585520113,
        "numOfReviews": "120",
        "createdAt": "2024-08-15T12:00:00Z"
    },
    {
        "name": "Programmable Logic Controller",
        "price": "705.43",
        "description": "High-performance PLC for complex automation tasks. Offers flexibility and reliability for various industrial processes.",
        "ratings": 4.5,
        "images": [
            {
                "image": "/images/products/twenty.jpg"
            }
        ],
        "category": "PLC PANEL",
        "seller": "Alpha Automation and Controls",
        "stock": "5",
        "contact": 9585520113,
        "numOfReviews": "120",
        "createdAt": "2024-08-15T12:00:00Z"
    },
    {
        "name": "Human Machine Interface",
        "price": "705.43",
        "description": "User-friendly HMI for easy interaction with industrial systems. Enhances control and monitoring with intuitive displays.",
        "ratings": 2,
        "images": [
            {
                "image": "/images/products/twentyOne.png"
            }
        ],
        "category": "HMI",
        "seller": "Alpha Automation and Controls",
        "stock": "5",
        "contact": 9585520113,
        "numOfReviews": "120",
        "createdAt": "2024-08-15T12:00:00Z"
    },
    {
        "name": "Motor & Gearbox",
        "price": "705.43",
        "description": "Durable motor and gearbox combination for heavy-duty industrial applications. Provides reliable performance and long-lasting operation.",
        "ratings": 3.5,
        "images": [
            {
                "image": "/images/products/twentyTwo.jpg"
            }
        ],
        "category": "MOTORS",
        "seller": "Alpha Automation and Controls",
        "stock": "5",
        "contact": 9585520113,
        "numOfReviews": "120",
        "createdAt": "2024-08-15T12:00:00Z"
    }
]